data,sample,IS,,,Metab1,,,Metab2,,,Metab3,,,Metab4,,,Metab5,,,Metab6,,,Metab7,,,Metab8,,,Metab9,,,Metab10,,,Metab11,,,Metab12,,,Metab13,,,Metab14,,,Metab15,,
,,RT,Area,SNR,RT,Area,SNR,RT,Area,SNR,RT,Area,SNR,RT,Area,SNR,RT,Area,SNR,RT,Area,SNR,RT,Area,SNR,RT,Area,SNR,RT,Area,SNR,RT,Area,SNR,RT,Area,SNR,RT,Area,SNR,RT,Area,SNR,RT,Area,SNR,RT,Area,SNR
170710-04,QC,17.299,529605.01,41.1,28.319,38966.8,10.7,19.652,59509.31,3.9,32.329,60801.26,5.1,17.647,463449.21,39.2,28.335,33447.48,9.5,17.73,28586.46,6.1,17.216,856043.67,10.7,16.735,4508314.88,522,19.751,2136573.61,Infinity,15.758,6001897.09,266.1,16.238,285858.55,101.2,16.387,759932.81,87.5,18.376,9614712.28,1182.2,17.763,2846287.9,447.7,14.366,241373.32,114.6
170710-04,QC,17.779,504160.35,40.5,28.832,50612.6,13.3,20.199,56002.76,4.3,32.926,71308.9,4.7,18.127,430908.17,36.7,28.915,27783.41,7.9,18.277,26285.46,8.9,17.697,873158.7,10.9,17.199,4218870.48,499.1,20.282,2016586.55,Infinity,16.222,5562208.23,241.9,16.702,265695.87,88.6,16.851,736472.22,84.6,18.873,9582059.11,1165.9,18.243,2871549.38,449.2,14.797,251864.85,119.1
170710-04,QC,18.26,529777.04,41.2,29.429,43862.37,11.2,20.696,53076.62,4.5,33.506,57490.82,4.4,18.608,468036.74,38,29.479,37442.98,10.1,18.707,31986.73,9.1,18.161,911015.6,11.4,17.663,4114723.56,472.8,20.795,2089675.44,Infinity,16.669,6014998.85,268,17.15,246156.42,81.6,17.315,773498.7,91.6,19.354,9580683.13,1173.7,18.724,2881978.77,459.5,15.211,252665.28,116.4
170710-04,QC,19.188,544513.36,43.1,30.622,46627.28,12.9,21.707,42330.34,4,34.649,58616.96,4.5,19.553,423522.99,36.1,30.606,29854.06,8.4,19.669,32317.98,10.5,19.089,870883.54,11.2,18.575,4259273.5,522.9,21.79,1875616.84,Infinity,17.531,5771180.36,266.3,18.045,219030.57,81,18.21,664613.52,80.4,20.315,9391497.61,1175.4,19.669,2752387.23,459.1,16.039,227443.17,114.6
170710-04,QC,19.652,554806.71,43.8,31.186,39287.68,11.5,22.204,42013.06,3.7,35.262,50055.18,4.3,20.033,458180.66,40,31.202,33623.88,8.9,20.149,34485.13,11.1,19.569,890954.01,11.5,19.055,4732507.85,550.2,22.287,1913495.6,Infinity,17.995,5750651.96,268.9,18.509,240671.72,85.6,18.674,653438.58,81.2,20.812,9507019.08,1201.7,20.149,2798398.08,465.6,16.47,230022.7,114.9
170710-04,QC,20.133,559373.08,43.7,31.749,44748.6,11.2,22.701,45002.94,3.7,35.859,54250.99,4.9,20.514,466605.67,41.6,31.749,34547.41,8.2,20.663,28484.88,8.8,20.05,940488.48,12.4,19.519,4729828.24,556.4,22.784,1903486.98,Infinity,18.442,5648825.17,269.4,18.973,250260.48,85.2,19.138,694017.4,88.5,21.309,9393327.93,1191.3,20.646,2876592.68,475.2,16.885,233106.13,117.3
,,RT,Area,SNR,RT,Area,SNR,RT,Area,SNR,RT,Area,SNR,RT,Area,SNR,RT,Area,SNR,RT,Area,SNR,RT,Area,SNR,RT,Area,SNR,RT,Area,SNR,RT,Area,SNR,RT,Area,SNR,RT,Area,SNR,RT,Area,SNR,RT,Area,SNR,RT,Area,SNR
170710-07,1U2,17.637,765128.25,57.9,28.607,194796.29,54,19.957,51980.62,4.2,32.617,102325.39,9.3,18.001,1193649.21,49.8,28.69,87062.52,19.3,18.084,125836.4,52.3,17.554,3002597.38,23.9,17.023,4601854.84,298.4,20.056,1740152.41,Infinity,16.029,3226127.26,88,16.477,165800.9,140.1,16.659,2872700.25,382.4,18.664,1429597.3,189.4,18.084,509700.37,185.4,14.604,893685.83,323.3
170710-07,1U2,18.084,411654.98,33.7,29.17,99915.08,24.8,20.454,44547.29,2.6,33.263,60429.97,5.2,18.432,650884.87,27,29.27,45660.96,10.5,18.548,55153.96,22.6,18.001,1560935.83,13.2,17.487,2146859.16,170.4,20.553,893087.38,Infinity,16.477,1667705.83,49.8,16.957,76664.22,64.3,17.123,1586756.84,230.8,19.145,756778.21,100.5,18.548,255886.82,88.8,15.035,457665.36,169.4
170710-07,1U3,18.531,743557.02,62.1,29.833,31742.76,6.3,20.967,37904.41,2.9,33.91,51263.8,3.7,18.879,359698.67,14,29.866,22419.84,4.7,19.012,44072.84,16.3,18.449,875317.9,7.1,17.985,7648803.48,580.1,21.067,395444.26,Infinity,16.924,613968.3,17.8,17.438,67463.57,55.2,17.587,601219.39,83.1,19.625,549745.59,74.1,19.012,265101.31,89,15.449,331930.8,122.8
170710-07,1U3,19.012,762447.15,61.6,30.33,37349.38,8.9,21.465,37962.81,3,34.539,45369.37,4.1,19.36,426674.29,15.4,30.413,23503.14,4.9,19.493,42353.68,15,18.913,880917.43,7.4,18.432,9514995.72,687.2,21.581,383411.59,Infinity,17.371,559207.67,16.7,17.869,82207.89,67.6,18.051,474458.28,66.1,20.122,479579.11,65.3,19.476,265551.98,88.2,15.88,336254.14,126
170710-07,QC,19.476,384821.59,32.7,30.976,41829.18,9.4,21.978,19925.2,1.8,35.136,37990.51,2.5,19.841,385991.22,14.2,31.01,27329.37,7.1,19.973,31868.98,12.2,19.393,928211.85,7.8,18.83,2901118.95,215.9,22.094,1735386.98,Infinity,17.819,4488792.26,134.2,18.349,217031.28,181.8,18.498,677434.4,97,20.619,8733484.51,1265,19.973,2440348,813.6,16.311,239762.5,86.4
170710-07,1U6,19.957,414713.29,35.8,31.59,38594.83,9.4,22.509,36436.23,3.3,35.815,29737.61,2.4,20.305,421721.95,17.2,31.59,17635.71,3.5,20.454,31499.04,12.6,19.857,1067592.48,8.6,19.343,6184037.34,441.1,22.591,690346.36,Infinity,18.283,12434520.96,377.1,18.813,60198.86,39.8,18.962,275665.89,32.6,21.1,1068965.77,123.8,20.437,1734784.89,574.6,16.725,142860.26,52.6
170710-07,1U6,20.421,754351.43,62.8,32.087,55658.05,14.5,22.989,47680.44,4.2,36.395,42652.5,2.8,20.802,752898.2,31.3,32.17,30924.03,6.3,20.934,62877.03,25.8,20.338,1955155.7,17,19.841,11392983.45,774.6,23.089,1001953.88,Infinity,18.763,24412010.7,679.9,19.244,235896.55,164,19.426,316014.32,46.4,21.581,925351.86,118.7,20.918,3103696.35,1040.6,17.156,209300.4,79.2
,,RT,Area,SNR,RT,Area,SNR,RT,Area,SNR,RT,Area,SNR,RT,Area,SNR,RT,Area,SNR,RT,Area,SNR,RT,Area,SNR,RT,Area,SNR,RT,Area,SNR,RT,Area,SNR,RT,Area,SNR,RT,Area,SNR,RT,Area,SNR,RT,Area,SNR,RT,Area,SNR
170710-08,2U2,17.537,814245.2,66.2,28.64,44628.93,12,19.906,37197.83,3.5,32.782,21978.79,3,17.885,510396.75,50.9,28.706,20354.84,6.6,18.034,40902.81,29.5,17.454,1074058.74,4.9,17.006,13035072.44,970.1,19.989,673895.86,Infinity,16.012,11843021.8,574.4,16.426,56981.13,40.5,16.609,1252362.6,171.6,18.597,1156636.39,128.2,18.001,4365754.5,806.7,14.587,535655.09,178.9
170710-08,2U2,17.984,499235.11,41.6,29.203,26605.79,7.2,20.404,31775.35,2.6,33.362,18340.35,2.2,18.332,323456.48,31.2,29.269,20071.14,5.3,18.448,28591.72,19.6,17.901,672834.29,3,17.421,7155695.87,571.6,20.47,472741.69,Infinity,16.426,6856321.87,343.8,16.874,25845.46,17.8,17.056,595667.82,88.4,19.061,870727.98,94.9,18.448,2650629.19,485.7,14.985,331589.7,113.5
170710-08,QC,18.448,454516.62,37.4,29.783,46601.3,11.5,20.884,31156.83,2.4,33.926,34760.3,4.4,18.796,443763.19,43.8,29.816,29632.04,8.6,18.912,18494.2,9.1,18.365,966022.14,4.5,17.852,4841575.34,377.2,20.984,1697476.85,Infinity,16.857,6013471.98,286.5,17.321,215731.32,156.4,17.504,698281.57,105.2,19.542,8739277.15,1024.4,18.912,2931630.66,533.6,15.399,251038.64,85.3
170710-08,2U4,18.896,838242.81,68.6,30.38,30207.75,7.6,21.365,23541.11,2.3,34.572,18563.14,2.3,19.26,282741.63,27.1,30.396,16782.7,5.8,19.393,24213.08,16.1,18.813,612794.76,2.8,18.299,2818754.67,229.2,21.481,2431972.83,Infinity,17.272,2621912.14,127.7,17.785,83548.96,61.4,17.934,301428.78,42.8,20.022,11503947.04,1361.8,19.376,2864269.08,515.9,15.813,114477.93,38.7
170710-08,2U4,19.376,842074.15,70.2,30.993,31925.57,7.7,21.895,32110.12,2.3,35.169,22755.75,2.2,19.724,277782.55,26,31.042,10838.19,4.2,19.857,26395.89,18,19.277,589293.57,2.7,18.746,2737842.81,225.2,21.994,2823592.57,Infinity,17.719,2310869.79,115.1,18.2,52236.82,37.1,18.382,309498.39,44.3,20.52,11917409.72,1394.9,19.857,2899467.96,533.7,16.228,108925.54,37.4
170710-08,3U1,19.84,528384.69,43.2,31.573,22582.37,5,22.392,39277.08,3.3,35.749,23469.34,2.7,20.205,214178.31,19.4,31.54,14170.89,3.3,20.337,17807.76,11.8,19.741,355193.02,1.6,19.21,3040584.5,252.7,22.492,1343866.1,Infinity,18.15,2727358.01,138.9,18.664,39200.42,25.2,18.829,137174.42,21.2,21,2867312.01,325.9,20.337,1261072.78,224.7,16.642,59617.04,20.8
170710-08,3U1,20.304,873095.18,73.4,32.12,38180.7,8.6,22.889,47554.56,4.9,36.312,28237.94,3.8,20.669,259859.02,27,32.153,21662.1,5.3,NA,NA,NA,20.205,486064.92,2.3,19.691,5261531.66,431.6,22.989,1934914.01,Infinity,18.597,3969828.03,202.8,NA,NA,NA,19.293,148292.05,20.9,21.481,3312853.75,387.6,20.801,1762701.32,317.7,17.056,58951.75,20.2
,,RT,Area,SNR,RT,Area,SNR,RT,Area,SNR,RT,Area,SNR,RT,Area,SNR,RT,Area,SNR,RT,Area,SNR,RT,Area,SNR,RT,Area,SNR,RT,Area,SNR,RT,Area,SNR,RT,Area,SNR,RT,Area,SNR,RT,Area,SNR,RT,Area,SNR,RT,Area,SNR
170710-09,QC,17.825,414353.17,27.8,29.243,48566.78,13.3,20.261,43416.38,3.7,33.402,37861.45,5,18.173,405547.08,39.8,29.325,35605.76,6,18.322,24669.16,14.5,17.726,862432.12,57.8,17.212,4348729.99,252.7,20.36,1953370.05,286.6,16.218,5903140.34,145.6,16.698,294174.75,348.4,16.831,778879.67,109.1,18.919,9629690.67,744.6,18.289,2672289.1,285.7,14.776,251071.15,79.5
170710-09,3U2,18.289,775152.71,51.5,29.789,52047.59,13.2,20.791,101015.05,9.5,33.999,53874.81,7,18.637,397529.37,37,29.856,33133.67,6,18.786,27213.6,13.8,18.206,806640.58,52.8,17.692,6492574.25,368.8,20.874,1303689.9,186.3,16.682,13220825.61,318.2,17.112,14974.25,17.9,17.311,453590.38,61.6,19.416,4937780.31,362,18.786,1933607.67,197.3,15.19,99533.46,29.1
170710-09,3U2,18.786,469314.75,32.2,30.386,27196.06,9.5,21.305,66689.86,6.4,34.645,30282.35,4.3,19.134,278989.92,26.3,30.419,18373.48,3.2,19.283,26178.08,13.4,18.687,478324.62,29.8,18.156,3675683.34,214.8,21.388,945968.15,132.3,17.129,7561684.68,189.5,17.61,21065.94,29.7,17.775,261901.62,38.4,19.913,3313948.72,240.3,19.267,1272261.28,128.1,15.638,72777.7,20.1
170710-09,3U4,19.283,722456.32,50.3,30.999,76126.93,19.3,21.819,66613,5.8,35.175,53189.65,5.9,19.648,532063.96,53.5,31.032,87081.08,15.3,19.78,60527.42,28.8,19.184,884835.29,58.4,18.687,14063548.45,751.2,21.902,1794059.62,265.7,17.626,19823861.09,465.2,18.107,14614.59,21.6,18.256,476576.3,61.5,20.443,28432808.19,2205.5,19.78,5838316.26,638.2,16.068,97436.66,29.2
170710-09,3U4,19.747,772508.76,53,31.546,86516.05,21.1,22.316,59032.32,5.1,35.805,62313.74,8.7,20.128,531496.76,53.4,31.596,79812.3,14.5,20.261,54508.35,26.2,19.664,992142.31,66.5,19.167,14119467.96,753.3,22.415,1790294.47,270.2,18.09,20294019.09,474.3,18.488,15506.73,22.2,18.736,348098.88,49.4,20.924,29261719.77,2243.4,20.261,5987101.39,644.7,16.516,106533.08,30.6
170710-09,3U5,20.195,475078.71,32.3,32.109,31805.57,7.1,22.813,55075.24,4.6,36.385,32426.81,5.2,20.559,243781.72,22.4,32.259,38259.81,6.6,20.675,18292.82,7.4,20.112,367279.88,21.9,19.548,4055784.35,221.8,22.896,896918.97,122.2,18.488,6132052.81,143.3,18.952,11425.6,13,19.167,183315.95,18.6,21.388,9392227.95,699,20.708,2008358.22,189.4,16.914,52833.29,17.9
170710-09,3U5,20.659,848381.96,56.5,32.772,44929.81,11.5,23.294,66362.43,5.5,37.015,53365.09,6.7,21.04,283521.26,28.4,32.756,53068.4,10.6,21.189,29754.91,14.1,20.559,480896.02,32.3,20.029,6021642.81,347.2,23.393,1160737.79,173.3,18.935,8758035.91,219.5,19.383,17664.86,23.7,19.598,233339.02,33.1,21.868,15100059.68,1172,21.172,3009701.13,306.7,17.328,67353.16,21.2
,,RT,Area,SNR,RT,Area,SNR,RT,Area,SNR,RT,Area,SNR,RT,Area,SNR,RT,Area,SNR,RT,Area,SNR,RT,Area,SNR,RT,Area,SNR,RT,Area,SNR,RT,Area,SNR,RT,Area,SNR,RT,Area,SNR,RT,Area,SNR,RT,Area,SNR,RT,Area,SNR
170710-10,3U6,17.509,789658.48,90.7,28.628,23827.99,9.4,NA,NA,NA,32.771,27369.54,2.9,17.841,215347.77,27.3,28.678,35813.52,8.7,17.99,22958.96,34,17.426,389438.82,NA,16.946,4896368.47,288.9,19.978,663790.51,Infinity,15.968,7290089.73,157.9,16.449,13340.01,18.8,16.598,356617.98,76.1,18.586,16875624.35,1669.1,17.973,2742251.82,424.1,14.593,79785.99,47.8
170710-10,3U6,17.973,500704,57.7,29.225,21864.78,7.5,20.376,30370.52,2,33.351,25875.59,2.6,18.305,190554.94,21.8,29.258,20999.37,3.8,18.437,21648.54,30.6,17.89,258690.05,17.4,17.393,2873344.69,172.8,20.492,545186.1,Infinity,16.399,4633891.23,99.5,16.846,8860.49,12.6,17.045,187176.54,40.1,19.067,10056116.59,1000.6,18.437,1738907.52,271.2,14.974,57386.48,35.6
170710-10,3U7,18.421,831366.36,100.9,29.739,17288.16,5,20.857,29040.87,2,33.898,21048.97,2.2,18.769,182715.31,21.1,29.838,18892.96,3.8,18.901,5454.89,8.7,18.338,226930.67,15.6,17.824,2765852.32,166.8,20.973,484488.19,Infinity,16.813,3692629.73,78.8,17.277,16795.29,22.4,17.476,165967.05,34.4,19.531,8863451.42,889.8,18.901,1698133.11,269.2,15.371,58134.51,32.5
170710-10,3U7,18.885,863418.37,103.6,30.319,22547.37,8.4,21.37,28004.89,2.2,34.462,24464.3,2.4,19.233,185109.97,21.7,30.402,17905.84,4.1,19.365,9596.64,17.2,18.785,237777.19,16.3,18.271,2715058.88,165.9,21.47,436295.39,Infinity,17.244,3526244.29,76.5,17.741,9921.91,12.1,17.907,161318.05,30.8,20.011,8767073.47,881.2,19.365,1726775.12,270.1,15.786,58231.96,35
170710-10,QC,19.349,495070.13,61.2,30.899,51565.34,19.8,21.867,38476.18,3.1,35.058,44046.99,5.3,19.713,400175.44,52.7,30.932,36760.78,9.2,19.862,27952.26,41.9,19.266,815010.25,59.3,18.752,4603232.99,277.4,21.967,1722012.74,Infinity,17.691,6233630.49,137.3,18.189,209311.69,274.9,18.371,604110.24,139,20.492,10902858.55,1115.2,19.846,2865916.48,474.2,16.2,202715.53,126.7
170710-10,3U8,19.796,511683.7,64.2,31.479,27218.33,10.4,22.365,35311.76,2.7,35.622,22720.53,2.3,20.161,237817.08,31.4,31.545,15328.59,3.8,20.31,22696.69,34.4,19.713,338545.3,25.4,19.199,3657817.86,230.7,22.447,930621.81,Infinity,18.139,8386817.58,194.2,18.603,28846.15,39.6,18.818,224510.34,49.8,20.956,3537712.42,338.6,20.293,1141951.83,182.2,16.598,92462.86,55.5
170710-10,3U8,20.26,866315.19,108.1,32.042,40501.6,14.9,NA,NA,NA,36.284,20488.67,2.8,20.641,329324.02,45.2,32.108,32247.63,6.6,20.774,30768.69,53.6,20.177,629540.16,46.8,19.663,7126350.75,435,22.945,1404298.42,Infinity,18.603,14749170.76,325.8,19.083,49793.18,54.7,19.266,348808.2,82.5,21.437,4176989.99,396.3,20.774,1696560.18,266.2,17.012,147877.18,90.6
,,RT,Area,SNR,RT,Area,SNR,RT,Area,SNR,RT,Area,SNR,RT,Area,SNR,RT,Area,SNR,RT,Area,SNR,RT,Area,SNR,RT,Area,SNR,RT,Area,SNR,RT,Area,SNR,RT,Area,SNR,RT,Area,SNR,RT,Area,SNR,RT,Area,SNR,RT,Area,SNR
170710-11,4U3,17.939,787969.19,66.2,29.324,61592.07,13.1,20.375,30119.93,2.4,33.483,42184.76,3.9,18.287,735709.65,54.8,29.357,61718.4,11.8,18.42,52672.27,34.2,17.856,2355083.35,162.8,17.343,5960620.8,307.1,20.475,474720.74,Infinity,16.332,4287401.25,181.8,16.829,1846386.38,310.5,16.978,1316570.19,130.9,19.049,32291697.94,1521.9,18.42,4490316.34,363.3,14.907,268024.52,90.4
170710-11,4U3,18.403,460997.08,39.8,29.854,37438.78,7.2,20.889,17022.74,2,34.046,27456.67,3.2,18.768,471309.74,34.7,29.937,35133.66,7,18.884,43330.28,29.2,18.32,1310352.06,91.5,17.807,3466763.3,183.8,20.988,364690.53,Infinity,16.779,2931720.73,129.1,17.276,951437.99,172,17.425,696322.88,69.3,19.53,18701565.72,898.5,18.884,2715075.13,222.9,15.304,156400.42,51.6
170710-11,QC,18.867,445522.79,37.8,30.434,52519.06,10.4,21.386,42261.23,2.9,34.693,46466.8,5.9,19.232,432355.57,31.9,30.5,49197.22,8.7,19.381,38293.68,28.4,18.784,992630.96,67.1,18.271,4600684.97,240.7,21.485,1770248.57,Infinity,17.243,6191686.3,279.3,17.724,355271.4,65.8,17.873,720889.08,71,20.011,12004536.51,572.6,19.364,2910939.11,236.5,15.735,250324.49,85.8
170710-11,4U4,19.348,833712.08,72.2,30.997,87215.25,17.3,21.867,32886.51,3.4,35.223,52885.04,5.6,19.712,573345.74,44,31.113,61903.65,10.5,19.845,63279.13,47.1,19.248,2168081.79,151.6,18.718,3720194.14,196.4,21.983,561797.01,Infinity,17.674,4539118.74,203,18.188,765413.81,138.7,18.337,1440040.11,149.5,20.508,20706538.4,997.6,19.845,4403450.5,366.1,16.149,240272.59,84.4
170710-11,4U4,19.812,795448.65,69,31.544,81634.54,14.8,22.347,32396.47,2.9,35.853,66120.4,8.1,20.176,607614.8,47.3,31.677,52723.8,9.2,20.309,56834.64,36.8,19.712,2152303.34,150.8,19.182,3722154.06,200.1,22.48,563488.22,Infinity,18.105,4468951.61,201.8,18.635,795758.12,149.1,18.784,1574999.08,159.5,20.988,21369808.01,1026.8,20.309,4679501.63,396.3,16.564,251497.22,88.2
170710-11,4U5,20.259,545828.85,46.8,32.174,49862.65,9.2,22.861,24772.83,2.9,36.466,30950.54,3.6,20.624,353219.01,26.4,32.273,34334.54,5.5,20.756,29905.63,17.2,20.16,1200263.95,84.9,19.613,2361240.84,129.6,22.96,383841.54,Infinity,18.519,2527881.51,115.4,19.083,617841.06,106.7,19.215,669597.93,67,21.436,11080483.46,535.6,20.756,2368425.22,193,16.978,117391.23,39.2
170710-11,4U5,20.723,849064.96,72.9,32.771,68757.43,11.5,NA,NA,NA,37.062,49253.63,5.4,21.104,538596.09,43.2,32.804,46597.43,7.7,21.237,49979.16,36.6,20.624,1995320.01,143.2,20.077,3896372.41,213.5,23.457,412969.24,Infinity,18.967,3080796.86,143.5,19.53,1188131.68,198.8,19.663,857342.83,89,21.933,17525828.58,847.7,21.237,3707677.65,299.6,17.392,170436.45,56.4
,,RT,Area,SNR,RT,Area,SNR,RT,Area,SNR,RT,Area,SNR,RT,Area,SNR,RT,Area,SNR,RT,Area,SNR,RT,Area,SNR,RT,Area,SNR,RT,Area,SNR,RT,Area,SNR,RT,Area,SNR,RT,Area,SNR,RT,Area,SNR,RT,Area,SNR,RT,Area,SNR
170710-12,QC,18.071,467921.4,25.9,29.605,53707.87,10.3,20.557,36495.04,3.2,33.798,50586.34,4.7,18.419,457633.39,40.1,29.688,46566.5,7.5,18.552,31961.4,11.5,17.972,1053256.55,72.5,17.442,4871065.5,193.5,20.64,2074720.47,Infinity,16.431,6939559.83,184.6,16.912,313030.93,65,17.061,875965.15,104.7,19.182,13175979.21,336.1,18.552,3142154.46,228.8,14.973,276562.91,77.1
170710-12,4U6,18.569,862084.52,49.3,30.152,69119.98,12.5,NA,NA,NA,34.378,29684.86,2.4,18.933,824045.62,72.1,30.235,64889.8,11.7,19.082,94269.89,41.4,18.486,2968606.67,207.6,17.955,8108574.68,315.9,21.17,1342811.44,Infinity,16.945,17949422.05,459.7,17.409,1090442.2,209.1,17.558,760873.39,90.8,19.712,35537671.21,893.4,19.066,7492539.64,576.1,15.404,147629.3,40.1
170710-12,4U6,19.049,627027.66,35.6,30.782,51160.08,9,21.585,38898.43,2.9,35.074,27282.82,1.9,19.414,555828.59,49,30.848,45364.32,7.9,19.546,55315.43,23.1,18.966,1975504.1,138.6,18.419,4773540.76,189.4,21.684,983133.02,Infinity,17.392,11273650.18,304.8,17.856,636290.82,129.1,18.022,498368.52,60.8,20.209,22694709.64,582.7,19.546,4367939.84,321,15.851,110692.43,28.9
170710-12,4U7,19.53,900663.3,51.9,31.345,60246.47,10.6,22.148,39555.01,2.5,35.687,43911.97,3.6,19.894,727946.83,64.8,31.445,54431.15,8.8,20.043,91092.51,35.9,19.447,2384818.49,166.3,18.9,7326440.27,289.3,22.198,1634214.94,Infinity,17.839,9078403.84,240.6,18.353,1660788.34,303.2,18.502,676097.33,80.1,20.706,25840444.79,655.4,20.043,5840035.35,430.5,16.282,145131.67,39.1
170710-12,4U7,20.027,944082.82,53.2,31.942,71225.68,11.9,22.629,45353.59,3.2,36.383,33083.42,2.6,20.391,763233.94,68.7,32.008,54216.68,8.5,20.541,78862.29,27.1,19.927,2487548.3,174.3,19.381,7557514,300.8,22.711,1761144.86,Infinity,18.303,8861823.83,233.3,18.817,1558172.65,311.2,18.983,677794.58,79.7,21.203,26191436.25,668.5,20.524,6166044.42,460.9,16.729,159028.26,41.9
170710-12,5U1,20.474,634207.51,35.2,32.571,23575.41,3.6,23.126,29089.86,2.4,36.963,20526.79,2.1,20.855,327424.78,28.8,32.605,31214.69,4,21.005,21117.47,9,20.391,834540.61,57.9,19.828,3040756.75,128.6,23.225,696531.47,Infinity,18.751,6213584.77,172,19.281,364126.61,64.8,19.43,209281.36,24.1,21.684,9268324.65,229,20.988,2111954.52,149.5,17.16,68298.22,20
170710-12,5U1,20.938,1019092.29,56.3,33.135,32332.94,5.7,23.623,47380.49,3.4,37.493,28608.13,2.5,21.319,374728.26,35.4,NA,NA,NA,21.452,35485.37,11.8,20.839,1065686.36,72.2,20.275,4385468.65,180.2,23.722,768658.38,Infinity,19.198,9746289.19,274.4,19.712,402120.19,69.4,19.861,218269.82,26.1,22.148,11053006.46,286.9,21.452,2535748.36,187.3,17.574,77950.29,22.1
,,RT,Area,SNR,RT,Area,SNR,RT,Area,SNR,RT,Area,SNR,RT,Area,SNR,RT,Area,SNR,RT,Area,SNR,RT,Area,SNR,RT,Area,SNR,RT,Area,SNR,RT,Area,SNR,RT,Area,SNR,RT,Area,SNR,RT,Area,SNR,RT,Area,SNR,RT,Area,SNR
170710-13,5U2,18.147,908253.58,58,29.731,81405.17,15.5,20.617,45339.23,3,33.973,116795.75,10.7,18.495,501674.4,20.6,29.797,61927.33,9.6,18.661,33718.94,11.3,18.065,1009172.88,41.3,17.534,5260180.51,146.8,20.733,8300063.5,543.1,16.523,3358065.62,68.4,16.938,57340.32,16.6,17.137,1642256.48,148.9,19.274,23141169.92,175,18.628,5521585.8,254.9,15.049,392786.1,70.1
170710-13,5U2,18.628,527131.14,33.7,30.327,61716.24,12.9,21.147,40055.72,2.4,34.603,60781.07,5.4,18.993,340943.76,14.3,30.361,38037.56,7.2,19.109,25347.36,7.3,18.529,646070.34,26.3,17.982,3033059.85,88.8,21.263,4675319,298,16.987,2211719.98,49.1,17.485,45384.39,11.6,17.601,887937.59,83.6,19.771,14177197.89,102,19.125,3138956.14,145.1,15.48,209237.36,37.7
170710-13,5U4,19.109,922748.44,59.2,30.908,100800.54,17.3,21.677,76363.89,4.1,35.199,102941.33,10.7,19.49,526954.31,22.4,30.974,54067.86,10.6,19.639,31260.1,10.3,19.026,1246263.21,52.6,18.462,4559054.76,132.2,21.777,3121231.33,182.7,17.451,3046107.27,64.4,17.899,45710.44,10,18.081,1569988.55,143.6,20.285,27253265.65,201.3,19.622,5526900.14,263.1,15.927,697341.59,127.2
170710-13,5U4,19.606,1027498.42,65.7,31.504,89838.16,14.7,22.191,66877.85,4.6,35.813,99009.11,10.2,19.987,699276.12,30.9,31.604,56847.81,10.1,20.119,36657.33,7.8,19.506,1345226.24,58.1,18.943,4686188.24,134.8,22.29,3100582.37,186.2,17.899,3273270.43,69.2,18.379,64555.06,14.7,18.545,1592181.92,147.3,20.782,27007359.69,205.9,20.119,7208851.88,356,16.358,719416.41,131.4
170710-13,5U8,20.053,744545.99,50.1,32.084,34696.15,5.4,22.688,41629.97,2.4,36.442,38258.13,4.4,20.434,323217.73,13.1,32.184,23689.07,5.2,20.583,16435.7,4.3,19.97,729008.71,31,19.39,2327142.85,71.1,22.787,1886243.22,114.2,18.313,2582326.6,60.7,18.777,28555.1,6.5,18.993,449948.56,36.8,21.246,11300272.3,87.2,20.567,2253406.53,104.3,16.755,214690.78,36.1
170710-13,5U8,20.517,1169805.11,78.9,32.648,41128.87,7.5,23.185,49871.3,3.6,36.989,46688.8,4.7,20.898,359052.9,15.8,32.73,25220.86,4.7,21.047,27000.64,8.3,20.418,985569.78,41.4,19.854,3732808.49,111.7,23.285,2634060.55,168.4,18.761,3573032.79,83.9,19.258,71143.68,16.5,19.44,440967.06,38.3,21.727,16011563.3,124.8,21.047,2844554.97,134.5,17.17,256338.22,46.5
170710-13,QC,20.981,659700.3,44.7,33.227,71480.15,12.6,23.649,48046.7,3,37.586,58203.38,6.4,21.379,565423.59,25.9,33.261,51567.16,9.4,21.495,43180.87,9,20.882,1564325.92,61.8,20.302,5809627.95,171.1,23.765,2929809.38,191.7,19.208,6124583.16,146.4,19.722,254973.32,60.1,19.887,856260.18,74.9,22.207,15774984.87,124.3,21.511,4102858.92,187.9,17.567,280015.23,51.3
,,RT,Area,SNR,RT,Area,SNR,RT,Area,SNR,RT,Area,SNR,RT,Area,SNR,RT,Area,SNR,RT,Area,SNR,RT,Area,SNR,RT,Area,SNR,RT,Area,SNR,RT,Area,SNR,RT,Area,SNR,RT,Area,SNR,RT,Area,SNR,RT,Area,SNR,RT,Area,SNR
170710-14,6U1,18.319,1037181.52,77.4,30.151,25984.15,4,20.871,53635.84,2.3,34.543,30562.89,3.5,18.684,348510.96,22.9,30.234,27034.18,3.3,18.783,24109.91,4.9,18.22,785336.16,33.6,17.673,6736120.29,207,20.971,5114539.41,132.9,16.646,7373155.93,190.7,17.11,325977.69,69,17.259,226781.92,15.2,19.446,2674445.58,96.8,18.8,478937.55,41.7,15.154,171353.19,24.2
170710-14,6U1,18.8,626669.05,47.1,30.748,27064.01,3.7,21.451,30098.89,1.7,35.272,16190.09,1.7,19.165,241782.88,15.9,30.847,14427.14,1.8,19.33,17724.46,3.6,18.701,499740.99,20.4,18.137,3508918.93,109.1,21.485,2888696.73,76.3,17.11,3935594.44,102.1,17.557,125162.91,29.3,17.723,122324.44,8.5,19.977,2299012.69,83.9,19.297,413707.78,35.7,15.569,111190.51,15.1
170710-14,QC,19.297,618029.01,46.5,31.361,64370.93,11.3,21.915,51360.8,3.2,35.769,64107.01,6.5,19.678,548039.9,37.6,31.427,48610.26,5.8,19.811,30547.09,8.5,19.198,1300992.01,56.1,18.634,5889135.94,174.4,22.015,2730758.09,71.6,17.59,8293376.32,213.1,18.071,299986.19,66.1,18.22,925495.46,64.9,20.49,14482826.78,573.4,19.811,3557538.98,328.3,16.016,337754.27,47.4
170710-14,6U5,19.794,1155205.46,82.2,31.958,143168.81,22.2,22.446,74776.58,3.9,36.366,67553.04,6.9,20.225,568709.47,32.8,31.991,116965.84,16.7,20.358,30721.33,8.5,19.711,1263722.04,52.8,19.131,5261508.55,155.6,22.545,1483016.8,34.4,18.087,3307136.85,61.5,NA,NA,NA,18.717,2331931.1,162.8,21.021,19169567.52,762.8,20.358,6965557.13,679,16.48,1614817.67,221.2
170710-14,6U5,20.308,1159921.93,86.7,32.554,150874.93,23.4,22.959,67963.38,4.5,36.962,66455.14,7.2,20.739,578701.5,32.3,32.587,130383.04,17,20.871,36112.53,10.3,20.209,1256632.43,54.1,19.629,5264622.73,157.5,23.075,1434766.25,32.6,18.568,2978206.22,54.7,NA,NA,NA,19.214,2222220.9,158.7,21.518,19238301.63,758.5,20.871,7296614.74,712.3,16.944,1679866.34,232.7
170710-14,7U1,20.772,720853.37,54.4,33.084,61221.45,9.2,23.473,44408.28,3.5,37.542,48531.86,5.4,21.17,479727.54,33.6,33.151,37859.25,4.5,21.335,36331.74,9.6,20.689,1120369.56,48.3,20.093,4546777.61,140.9,23.573,3034864.51,79.7,18.982,2972546.69,77.3,19.529,343195.43,74.1,19.662,555340,35.3,21.998,15162195.84,600.7,21.302,2796666.46,260.1,17.375,351240.07,45.3
170710-14,7U1,21.236,1070255.17,80.1,33.664,73483.59,13,23.97,64761.75,3.9,38.122,78974.28,8.1,21.65,708472.66,50.6,33.714,59214.43,7.6,21.799,94076.53,26.7,21.153,1747900.7,74.3,20.573,8356049.64,257.1,24.086,5128053.02,136.5,19.43,3772361.19,99.6,19.993,721268.85,150.4,20.126,505642.46,34.7,22.495,25397209.12,1007.9,21.783,3962904.06,375.5,17.806,318205.09,43.5
,,RT,Area,SNR,RT,Area,SNR,RT,Area,SNR,RT,Area,SNR,RT,Area,SNR,RT,Area,SNR,RT,Area,SNR,RT,Area,SNR,RT,Area,SNR,RT,Area,SNR,RT,Area,SNR,RT,Area,SNR,RT,Area,SNR,RT,Area,SNR,RT,Area,SNR,RT,Area,SNR
170710-15,7U5,18.762,953075.58,53.4,30.942,97469.24,11.7,21.446,51369.22,2.5,35.3,65425.67,6.1,19.176,403654.87,26.5,30.991,61783.13,12.5,19.325,50227.98,14.8,18.662,1117061.22,43.4,18.066,2392718.18,53.6,21.546,638467.09,1.6,17.055,3388044.34,29.5,NA,NA,NA,17.652,2740559.42,163.9,19.988,30537941.37,815.1,19.309,6848306.9,434,15.497,1282215.69,113.6
170710-15,7U5,19.276,604851.85,35.2,31.538,59205.7,8,21.977,38427.49,2.4,35.83,29567.19,2.3,19.657,260804.29,17.2,31.621,35439.43,6.9,19.856,37356.4,10.9,19.176,691518.94,26.9,18.563,1320843.65,32,22.076,634044.4,1.6,17.519,2371314.11,22.8,18.513,279213.68,115.2,18.132,1245980.33,74.4,20.502,18169586.16,495,19.806,3839004.19,237.7,15.945,742055.51,65
170710-15,8U2,19.806,1022471.79,56.9,32.102,68026.48,8.2,22.507,58859.22,4.2,36.592,32246.58,2.3,20.204,572597.74,39.2,32.185,42911.88,8.8,20.386,52984.42,11.3,19.69,1036620.4,39.1,19.11,11048540.86,228.9,22.623,4551802.54,12.5,18.016,6729196.94,56.3,18.977,65306.14,26.6,18.629,662842.39,33.8,21.049,5132192.82,141,20.353,2984077.54,162.6,16.392,248483.33,18.7
170710-15,8U2,20.336,1184149.19,63.8,32.632,76031.05,10,23.037,65956.74,4,37.206,29227.19,2.7,20.75,748191.38,54.8,32.731,48612.41,9.3,20.9,70851.92,15.9,20.22,1166988.62,43.7,19.624,12695725.86,256.2,23.17,5423588.45,15,18.513,7917894.9,66.4,19.474,34905.3,14.8,19.176,581918.58,33,21.579,5677441.83,158.3,20.883,3230572.76,185,16.856,246157.77,18.7
170710-15,QC,20.833,680869.91,40.6,33.278,77069.38,10.3,23.551,54755.66,3.4,37.802,64000.01,5.6,21.231,597097.14,46,33.344,50453.7,10.2,21.38,46944.26,13.1,20.734,1412368.47,60.3,20.121,7755769.19,166.2,23.667,3282079.89,8.7,18.977,8316292.77,84.1,20.021,216378.74,91.7,19.657,522857.67,35.9,22.059,14961542.13,415.8,21.363,4117982.96,272.4,17.32,385159.48,34.6
170710-15,8U3,21.314,712719.85,43.7,33.941,76972.92,8.7,24.065,57143.99,4.5,38.399,41591.78,3.1,21.712,761018.33,56.7,34.024,50126.93,8.3,21.894,59628.94,17,21.214,1241900.88,52.9,20.618,9016052.36,199.4,24.181,5003223.3,13.9,19.491,20073880.92,178.8,20.552,660118.39,268.3,20.137,468034.18,29.8,22.557,6800250.51,192.9,21.861,5209057.15,322.6,17.751,193355.02,16.1
170710-15,8U3,21.811,1160838.07,69,34.422,109394.53,12.7,24.562,68567.67,5,39.028,49253.9,3.5,22.242,1125611.66,87.6,34.488,80214.58,15.5,22.391,71626.69,16.1,21.695,2193530.96,91,21.115,15533775.61,316.8,24.694,8905076.59,25.9,20.021,35614100.15,260.6,NA,NA,NA,20.651,855144.83,55.7,23.07,8511331.29,248.1,22.374,9390161.48,596.3,18.215,185543.47,16.1
,,RT,Area,SNR,RT,Area,SNR,RT,Area,SNR,RT,Area,SNR,RT,Area,SNR,RT,Area,SNR,RT,Area,SNR,RT,Area,SNR,RT,Area,SNR,RT,Area,SNR,RT,Area,SNR,RT,Area,SNR,RT,Area,SNR,RT,Area,SNR,RT,Area,SNR,RT,Area,SNR
170710-19,10U1,18.021,816078.71,57.2,29.72,14066.34,2.5,19.927,13490.65,0.9,33.929,15553.41,1.4,18.369,194690.43,18.2,NA,NA,NA,18.518,17452.83,7.9,17.938,304718.13,10.4,17.408,2630750.78,103.8,20.623,1616297.84,Infinity,16.38,1373590.16,75.1,16.861,180626.66,79.5,17.043,176295.95,21.9,19.148,3980511.7,180.4,18.501,1412816.35,62,14.939,59151.81,13.3
170710-19,10U1,18.485,476540.58,33.5,30.284,7836.6,1.1,20.457,26396.98,1.8,34.542,7232.73,1.2,18.849,127685.91,10.9,30.383,8482.89,1.9,19.015,9953.39,5.4,18.402,210860.94,6.4,17.855,1436773.76,57.6,21.136,871554.87,Infinity,16.828,707845.22,39.5,17.308,99264.51,40.1,17.491,109565.01,12.9,19.645,2240617.58,106.1,18.982,785977.97,35,15.336,32847.18,7.1
170710-19,10U2,18.982,891228.67,63.7,30.88,53157.48,10.3,21.534,26467.89,2.9,35.205,36584.83,4.4,19.363,416821.71,41.1,30.946,35974.12,7.3,19.512,42525.89,20.9,18.883,866820.1,32.2,18.352,4963656.77,194,21.667,4254234.5,Infinity,17.325,4232826.41,212.3,17.789,153312.18,69.5,17.971,1511921.32,181.4,20.142,16871012.46,820.4,19.496,6338135.01,295.8,15.784,247105.34,57.5
170710-19,10U2,19.463,887060.62,64.3,31.477,56563.13,11.4,22.064,26091.19,2.8,35.752,34663.04,4.2,19.844,451272.85,44.6,31.526,43647.45,9.4,19.976,47084.12,23.4,19.38,878813.82,33.8,18.833,5237216.1,206.1,22.164,4321514.38,Infinity,17.772,4282887.95,217.5,18.253,167682.88,67.7,18.435,1427887.99,172.2,20.639,17996424.99,874.1,19.976,6684694.49,311.9,16.215,236945.52,55.4
170710-19,QC,19.927,522323.67,38.2,31.99,36110,5.9,22.561,27496.07,1.8,36.398,32178.31,3.2,20.308,282552.83,27.6,32.123,24820.61,6,20.457,17077.23,7.6,19.827,634720.05,24.6,19.28,3041611.74,121.6,22.661,1598282.26,Infinity,18.187,3611652.9,206.6,18.7,154986.54,65.1,18.883,541088.16,63.4,21.12,7165993.63,352.1,20.44,2225537.36,101.4,16.629,163993.79,39.6
170710-19,10U4,20.374,566478.64,41.1,32.554,48324.73,10.1,23.025,23126.75,2.2,36.962,42251.68,5.8,20.772,325020.28,33.1,32.72,32038.5,5.4,20.921,35158.39,16.5,20.291,663263.93,25.1,19.728,3566891.72,144.4,23.158,1052005.77,Infinity,18.634,3338922.02,174.1,19.148,89749.37,35,19.347,1301332.7,160.5,21.6,10441755.17,515.8,20.921,2692439.91,120.4,17.043,382685.68,92.9
170710-19,10U4,20.855,875911.23,64,33.134,85016.68,19.1,23.506,29063.28,2.5,37.525,53181.87,6.8,21.252,523276.09,53,33.15,44530.83,9.1,21.385,43808.55,21.1,20.755,1065223.91,39.3,20.208,5776670.22,229.5,23.639,1160650.16,Infinity,19.098,5019417.68,223.3,19.595,150855.66,63.9,19.777,2054929.51,256.2,22.081,16938571.52,845.5,21.385,4167735.11,180.2,17.457,640982.47,156.1
,,RT,Area,SNR,RT,Area,SNR,RT,Area,SNR,RT,Area,SNR,RT,Area,SNR,RT,Area,SNR,RT,Area,SNR,RT,Area,SNR,RT,Area,SNR,RT,Area,SNR,RT,Area,SNR,RT,Area,SNR,RT,Area,SNR,RT,Area,SNR,RT,Area,SNR,RT,Area,SNR
170711-01,QC,17.409,528115.33,52.9,28.131,38517.65,7.4,19.729,29908.71,3,32.125,29266.99,1.4,17.741,287200.65,64,28.197,25019.98,10.1,17.89,15527,8.8,17.326,574729.33,108.2,16.862,3435243.43,374.6,19.795,1526939.66,Infinity,15.901,4096127.91,493.6,16.382,186855.54,144.3,16.531,513233.58,203.9,18.453,7566150.18,801.8,17.857,2301964.03,501.6,14.559,193230.84,81.8
170711-01,QC,17.873,573084.35,57.6,28.727,38049.7,7.7,20.21,33254.47,3,32.705,39615.95,2,18.221,331073.24,72.1,28.777,25841.15,8.3,18.337,19678.08,12.3,17.807,649541.99,119.6,17.326,3402961.12,377.7,20.309,1588734.96,Infinity,16.349,4385778.9,530,16.829,176112.25,142.1,16.978,573006.96,226.2,18.934,8429894.14,889,18.337,2416934.34,530.3,14.973,214955.57,90.7
170711-01,QC,18.337,569559.01,56.7,29.274,35521.42,6.8,20.707,39037.51,4.3,33.285,22318.9,1.5,18.669,327202.3,72.5,29.307,32675.01,12.2,18.785,25805.85,16.7,18.238,674310.49,128.3,17.774,3360684.61,375.3,20.79,1551912.61,Infinity,16.779,4490708.44,531.7,17.26,134977.05,122.3,17.426,562616.46,229.7,19.398,8158442.98,854.7,18.801,2377235.61,532.4,15.371,201256.95,82.7
170711-01,QC,19.215,549957.45,55,30.467,35485.17,6.8,21.668,35700.9,4.8,34.478,14696.87,0.7,19.563,297114.63,66.3,30.451,28319.15,9.6,19.713,29507.42,21.4,19.133,615290.34,114.5,18.635,3111958.5,356.7,21.751,1370906.6,Infinity,17.608,3843263.64,465.9,18.122,113062.89,104.3,18.271,501412.53,205.8,20.326,6687253.25,708.9,19.696,2108481.67,479.5,16.15,181521.91,78.1
170711-01,QC,19.663,528209.86,54.4,31.031,29760.12,5,22.165,24703.97,3,35.008,18789.99,1,20.027,277545.74,62.7,31.081,24049.64,8,20.177,31149.94,19.8,19.58,593571.48,112.9,19.083,3282852.35,361,22.248,1302688.06,Infinity,18.039,3740134.54,458.5,18.586,119485.68,103.6,18.718,484380.21,203.4,20.79,6730775.36,716,20.16,1990928.32,468.2,16.564,163007.4,69.5
170711-01,QC,20.11,513475.72,52.6,31.528,29457.95,6.2,22.629,28855.15,4.5,35.638,17629.26,0.9,20.475,259432.62,60.3,31.611,26303.54,9.2,20.624,23767.71,15.6,20.027,601609.86,119.4,19.514,3169703.82,365.6,22.729,1296264.41,Infinity,18.453,3518378.63,443.4,18.983,147129.57,127.5,19.149,431082.35,186.2,21.254,6498494.52,716.3,20.608,2003818.88,474.8,16.962,170006.04,73.2
